Metric,Value
Accuracy,0.7195053400786959
Precision,0.8076634109691961
Recall,0.8156297420333839
F1-Score,0.8116270290675727
